<?xml version="1.0" encoding="UTF-8" standalone="no"?>
<featureModel>
    <properties/>
    <struct>
        <and abstract="true" mandatory="true" name="ApoGames">
            <and abstract="true" mandatory="true" name="Menu">
                <feature name="Editor"/>
                <feature name="Userlevels"/>
                <alt abstract="true" mandatory="true" name="Theme">
                    <feature name="MonoMenu"/>
                    <feature name="TreasureMenu"/>
                    <feature name="ApoMenu"/>
                </alt>
                <and abstract="true" mandatory="true" name="LevelChooser">
                    <feature mandatory="true" name="LevelGrid"/>
                    <feature name="NextLevel"/>
                </and>
            </and>
            <and abstract="true" name="World">
                <and abstract="true" name="Component">
                    <and abstract="true" name="Dynamic">
                        <feature name="Dice"/>
                        <feature name="Clock"/>
                        <and abstract="true" hidden="true" name="Avatar">
                            <feature name="MonoAvatar"/>
                            <feature name="SnakeAvatar"/>
                            <feature name="TreasureAvatar"/>
                        </and>
                        <feature hidden="true" name="TreasureBox"/>
                        <feature hidden="true" name="TreasureBlocks"/>
                    </and>
                    <and abstract="true" hidden="true" name="Static">
                        <feature name="MonoObjects"/>
                        <feature name="TreasureKey"/>
                    </and>
                </and>
                <and abstract="true" hidden="true" name="Canvas">
                    <feature name="Grey"/>
                    <feature name="TreasureCanvas"/>
                    <feature name="MonoCanvas"/>
                </and>
            </and>
            <and abstract="true" name="Controls">
                <feature name="Press"/>
                <feature name="Drag"/>
                <feature hidden="true" name="MoveButtons"/>
            </and>
            <or abstract="true" name="Score">
                <feature name="Moves"/>
                <feature name="Counter"/>
            </or>
            <and name="Options">
                <and abstract="true" name="Sound">
                    <alt abstract="true" name="Effects">
                        <feature name="TreasureEffect"/>
                        <feature name="MonoEffect"/>
                    </alt>
                    <alt abstract="true" name="Music">
                        <feature name="TreasureMusic"/>
                        <feature name="MonoMusic"/>
                    </alt>
                </and>
                <or abstract="true" hidden="true" name="Language">
                    <feature name="German"/>
                    <feature name="English"/>
                </or>
                <or abstract="true" hidden="true" name="MonoColor">
                    <feature name="White"/>
                    <feature name="Green"/>
                </or>
                <feature name="Nickname"/>
            </and>
            <alt abstract="true" mandatory="true" name="GameLogic">
                <feature name="SnakeLogic"/>
                <feature name="DiceLogic"/>
                <feature name="ClockLogic"/>
                <feature name="MonoLogic"/>
                <feature name="TreasureLogic"/>
            </alt>
            <alt abstract="true" mandatory="true" name="Font">
                <feature name="ApoFont"/>
                <feature name="TreasureFont"/>
                <feature name="MonoFont"/>
            </alt>
            <feature name="Addition"/>
            <feature name="Subtraction"/>
        </and>
    </struct>
    <constraints>
        <rule>
            <imp>
                <var>TreasureMenu</var>
                <var>TreasureLogic</var>
            </imp>
        </rule>
        <rule>
            <imp>
                <var>MonoMenu</var>
                <var>MonoLogic</var>
            </imp>
        </rule>
        <rule>
            <imp>
                <var>ApoMenu</var>
                <disj>
                    <var>ClockLogic</var>
                    <disj>
                        <var>DiceLogic</var>
                        <var>SnakeLogic</var>
                    </disj>
                </disj>
            </imp>
        </rule>
        <rule>
            <imp>
                <var>TreasureEffect</var>
                <var>TreasureLogic</var>
            </imp>
        </rule>
        <rule>
            <imp>
                <var>MonoEffect</var>
                <var>MonoLogic</var>
            </imp>
        </rule>
        <rule>
            <imp>
                <var>TreasureMusic</var>
                <var>TreasureLogic</var>
            </imp>
        </rule>
        <rule>
            <imp>
                <var>MonoMusic</var>
                <var>MonoLogic</var>
            </imp>
        </rule>
        <rule>
            <imp>
                <var>Nickname</var>
                <var>ClockLogic</var>
            </imp>
        </rule>
        <rule>
            <imp>
                <var>Press</var>
                <disj>
                    <var>ClockLogic</var>
                    <var>TreasureLogic</var>
                </disj>
            </imp>
        </rule>
        <rule>
            <imp>
                <var>Drag</var>
                <var>DiceLogic</var>
            </imp>
        </rule>
        <rule>
            <imp>
                <var>Counter</var>
                <var>ClockLogic</var>
            </imp>
        </rule>
        <rule>
            <imp>
                <var>Moves</var>
                <var>DiceLogic</var>
            </imp>
        </rule>
        <rule>
            <imp>
                <var>Clock</var>
                <var>ClockLogic</var>
            </imp>
        </rule>
        <rule>
            <imp>
                <var>Dice</var>
                <var>DiceLogic</var>
            </imp>
        </rule>
    </constraints>
    <calculations Auto="true" Constraints="true" Features="true" Redundant="true" Tautology="true"/>
    <comments/>
    <featureOrder userDefined="false"/>
</featureModel>
