<?xml version="1.0" encoding="UTF-8" standalone="no"?>
<configuration>
    <feature automatic="selected" name="ApoGames"/>
    <feature automatic="selected" name="Menu"/>
    <feature manual="selected" name="Editor"/>
    <feature manual="selected" name="Userlevels"/>
    <feature automatic="selected" name="Theme"/>
    <feature automatic="unselected" name="MonoMenu"/>
    <feature automatic="unselected" name="TreasureMenu"/>
    <feature automatic="selected" manual="selected" name="ApoMenu"/>
    <feature automatic="selected" name="LevelChooser"/>
    <feature automatic="selected" manual="selected" name="LevelGrid"/>
    <feature automatic="selected" name="World"/>
    <feature automatic="selected" name="Component"/>
    <feature automatic="selected" name="Dynamic"/>
    <feature manual="selected" name="Dice"/>
    <feature automatic="unselected" name="Clock"/>
    <feature automatic="selected" name="Controls"/>
    <feature automatic="unselected" name="Press"/>
    <feature manual="selected" name="Drag"/>
    <feature automatic="selected" name="Score"/>
    <feature manual="selected" name="Moves"/>
    <feature automatic="unselected" name="Counter"/>
    <feature manual="selected" name="Options"/>
    <feature automatic="unselected" name="Effects"/>
    <feature automatic="unselected" name="TreasureEffect"/>
    <feature automatic="unselected" name="MonoEffect"/>
    <feature automatic="unselected" name="Music"/>
    <feature automatic="unselected" name="TreasureMusic"/>
    <feature automatic="unselected" name="MonoMusic"/>
    <feature automatic="unselected" name="Nickname"/>
    <feature automatic="selected" name="GameLogic"/>
    <feature automatic="unselected" name="SnakeLogic"/>
    <feature automatic="selected" name="DiceLogic"/>
    <feature automatic="unselected" name="ClockLogic"/>
    <feature automatic="unselected" name="MonoLogic"/>
    <feature automatic="unselected" name="TreasureLogic"/>
    <feature automatic="selected" name="Font"/>
    <feature manual="selected" name="ApoFont"/>
    <feature automatic="unselected" name="TreasureFont"/>
    <feature automatic="unselected" name="MonoFont"/>
</configuration>
