<?xml version="1.0" encoding="UTF-8" standalone="no"?>
<configuration>
    <feature automatic="selected" name="ApoGames"/>
    <feature automatic="selected" name="Menu"/>
    <feature manual="selected" name="Editor"/>
    <feature manual="unselected" name="Userlevels"/>
    <feature automatic="selected" name="Theme"/>
    <feature manual="unselected" name="MonoMenu"/>
    <feature automatic="selected" name="LevelChooser"/>
    <feature automatic="selected" manual="selected" name="LevelGrid"/>
    <feature manual="selected" name="Options"/>
    <feature automatic="unselected" manual="unselected" name="MonoEffect"/>
    <feature automatic="unselected" manual="unselected" name="MonoMusic"/>
    <feature automatic="selected" name="GameLogic"/>
    <feature automatic="unselected" name="MonoLogic"/>
    <feature automatic="selected" name="Font"/>
    <feature automatic="unselected" name="ApoFont"/>
    <feature automatic="unselected" name="TreasureFont"/>
    <feature manual="selected" name="MonoFont"/>
</configuration>
