<?xml version="1.0" encoding="UTF-8" standalone="no"?>
<configuration>
    <feature automatic="selected" name="ApoGames"/>
    <feature automatic="selected" name="Menu"/>
    <feature manual="selected" name="Editor"/>
    <feature automatic="selected" name="Theme"/>
    <feature manual="unselected" name="TreasureMenu"/>
    <feature automatic="selected" name="LevelChooser"/>
    <feature automatic="selected" name="LevelGrid"/>
    <feature automatic="unselected" name="TreasureEffect"/>
    <feature automatic="unselected" name="TreasureMusic"/>
    <feature automatic="selected" name="GameLogic"/>
    <feature automatic="unselected" name="TreasureLogic"/>
    <feature automatic="selected" name="Font"/>
    <feature automatic="unselected" name="ApoFont"/>
    <feature manual="selected" name="TreasureFont"/>
    <feature automatic="unselected" name="MonoFont"/>
</configuration>
